-- ============================================
-- TubeReview シードデータ
-- ============================================
-- 表示確認用のダミーデータ
-- 実在する日本の人気YouTubeチャンネルを使用

-- ============================================
-- 1. テストユーザー（6人）
-- ============================================

INSERT INTO users (id, email, username, display_name, avatar_url, bio) VALUES
  ('11111111-1111-1111-1111-111111111111', 'test1@example.com', 'yamada_taro', '山田太郎', 'https://i.pravatar.cc/150?img=1', 'YouTubeが好きな会社員です。主にエンタメ系のチャンネルを見ています。'),
  ('22222222-2222-2222-2222-222222222222', 'test2@example.com', 'sato_hanako', '佐藤花子', 'https://i.pravatar.cc/150?img=2', '教育系・ビジネス系のチャンネルをよく見ます。'),
  ('33333333-3333-3333-3333-333333333333', 'test3@example.com', 'tanaka_ken', '田中健', 'https://i.pravatar.cc/150?img=3', 'ゲーム実況とバラエティが好き。'),
  ('44444444-4444-4444-4444-444444444444', 'test4@example.com', 'suzuki_ai', '鈴木愛', 'https://i.pravatar.cc/150?img=4', 'クイズ番組とドキュメンタリーをよく視聴します。'),
  ('55555555-5555-5555-5555-555555555555', 'test5@example.com', 'ito_yuki', '伊藤ゆき', 'https://i.pravatar.cc/150?img=5', 'お笑いとVlog系が好きです！'),
  ('66666666-6666-6666-6666-666666666666', 'test6@example.com', 'watanabe_ryo', '渡辺涼', 'https://i.pravatar.cc/150?img=6', '料理とライフスタイル系のチャンネルをチェックしています。');

-- ユーザー設定
INSERT INTO user_settings (user_id, is_public, email_notifications, preferences) VALUES
  ('11111111-1111-1111-1111-111111111111', true, true, '{"theme": "light"}'),
  ('22222222-2222-2222-2222-222222222222', true, true, '{"theme": "dark"}'),
  ('33333333-3333-3333-3333-333333333333', true, false, '{"theme": "light"}'),
  ('44444444-4444-4444-4444-444444444444', true, true, '{"theme": "light"}'),
  ('55555555-5555-5555-5555-555555555555', true, true, '{"theme": "dark"}'),
  ('66666666-6666-6666-6666-666666666666', false, false, '{"theme": "light"}');

-- フォロー関係
INSERT INTO user_follows (follower_id, followee_id) VALUES
  ('11111111-1111-1111-1111-111111111111', '22222222-2222-2222-2222-222222222222'),
  ('11111111-1111-1111-1111-111111111111', '33333333-3333-3333-3333-333333333333'),
  ('22222222-2222-2222-2222-222222222222', '11111111-1111-1111-1111-111111111111'),
  ('33333333-3333-3333-3333-333333333333', '11111111-1111-1111-1111-111111111111'),
  ('44444444-4444-4444-4444-444444444444', '22222222-2222-2222-2222-222222222222'),
  ('55555555-5555-5555-5555-555555555555', '11111111-1111-1111-1111-111111111111');

-- ============================================
-- 2. チャンネルデータ（実在チャンネル）
-- ============================================

INSERT INTO channels (id, youtube_channel_id, title, description, thumbnail_url, subscriber_count, video_count, published_at, category, tags) VALUES
  -- エンタメ系（既存の成功チャンネル）
  ('c1111111-1111-1111-1111-111111111111', 'UCZf__ehlCEBPop-_sldpBUQ', 'HikakinTV', '日本を代表するトップYouTuber。商品レビューや実験動画、チャレンジ企画など幅広いコンテンツを配信。', 'https://yt3.googleusercontent.com/ytc/AGIKgqM8Qbx5R8t_SjJjZPYzCQqKOh-9z6JZGzc7OQ=s800-c-k-c0x00ffffff-no-rj', 5500000, 2800, '2013-04-19 00:00:00+00', 'エンタメ', '["バラエティ", "商品レビュー", "チャレンジ", "ファミリー向け"]'),

  ('c2222222-2222-2222-2222-222222222222', 'UCutJqz56653xV2wwSvut_hQ', '東海オンエア', '6人組の大人気YouTuberグループ。ゲーム実況やバラエティ企画を中心に活動。', 'https://yt3.googleusercontent.com/ytc/AGIKgqNRy0Bxz8mHJdRZTxPJ1z6VzKjTkQxLQzW7Ow=s800-c-k-c0x00ffffff-no-rj', 7200000, 3500, '2013-10-20 00:00:00+00', 'エンタメ', '["バラエティ", "グループ", "ゲーム", "お笑い"]'),

  ('c3333333-3333-3333-3333-333333333333', 'UCgMPP6RRjktV7krOfyUewqw', 'はじめしゃちょー（hajime）', '登録者数日本一級のYouTuber。実験動画やチャレンジ企画など、スケールの大きい企画が人気。', 'https://yt3.googleusercontent.com/ytc/AGIKgqO_5mF0nJhZxGzKQqz9z6VzKjTkQxLQzW7Ow=s800-c-k-c0x00ffffff-no-rj', 10500000, 4200, '2012-03-14 00:00:00+00', 'エンタメ', '["実験", "チャレンジ", "バラエティ", "大規模企画"]'),

  ('c6666666-6666-6666-6666-666666666666', 'UCFo4kqllbcQ4nV83WCyraiw', '中田敦彦のYouTube大学 - NAKATA UNIVERSITY', 'オリエンタルラジオ中田敦彦による教育チャンネル。歴史、経済、文学など幅広いテーマを解説。', 'https://yt3.googleusercontent.com/ytc/AGIKgqNz0mF0nJhZxGzKQqz9z6VzKjTkQxLQzW7Ow=s800-c-k-c0x00ffffff-no-rj', 5200000, 1200, '2019-04-01 00:00:00+00', '教育', '["教育", "歴史", "経済", "ビジネス"]'),

  -- 新規追加チャンネル（8個）
  ('c4444444-4444-4444-4444-444444444444', 'UCRxPrFmRHsXGWfAyE6oqrPQ', 'コムドット', '5人組の若手人気グループYouTuber。青春をテーマにした企画やチャレンジ動画、友情を感じる掛け合いが魅力。Z世代から圧倒的な支持を集める。', 'https://yt3.googleusercontent.com/ytc/AGIKgqPComDot5R8t_SjJjZPYzCQqKOh-9z6JZGzc7OQ=s800-c-k-c0x00ffffff-no-rj', 4210000, 1800, '2018-10-01 00:00:00+00', 'エンタメ', '["バラエティ", "グループ", "青春", "チャレンジ"]'),

  ('c5555555-5555-5555-5555-555555555555', 'UCaminwG9MTO4sLYeC3s6udA', 'ヒカル', 'カリスマ的人気を誇るトップYouTuber。大規模な企画や社会実験、ビジネス系コンテンツまで幅広く配信。独特の視点と行動力が魅力。', 'https://yt3.googleusercontent.com/ytc/AGIKgqHikaru8R8t_SjJjZPYzCQqKOh-9z6JZGzc7OQ=s800-c-k-c0x00ffffff-no-rj', 4780000, 2200, '2013-06-28 00:00:00+00', 'エンタメ', '["バラエティ", "社会実験", "ビジネス", "大規模企画"]'),

  ('c7777777-7777-7777-7777-777777777777', 'UCpOjLndjOqMoffA-fr8cbKA', '水溜りボンド', '2人組のYouTuberコンビ。実験動画やバラエティ企画、都市伝説検証など多彩なコンテンツを配信。カンタとトミーの息の合った掛け合いが人気。', 'https://yt3.googleusercontent.com/ytc/AGIKgqMizutamari5R8t_SjJjZPYzCQqKOh-9z6JZGzc7OQ=s800-c-k-c0x00ffffff-no-rj', 4060000, 3200, '2012-10-01 00:00:00+00', 'エンタメ', '["バラエティ", "実験", "都市伝説", "コンビ"]'),

  ('c8888888-8888-8888-8888-888888888888', 'UCibEhpu5HP45-w7Bq1ZIulw', 'Fischer''s-フィッシャーズ-', '7人組のグループYouTuber。アスレチック動画やゲーム実況、チャレンジ企画を配信。シルクロードをはじめメンバーの身体能力の高さが魅力。', 'https://yt3.googleusercontent.com/ytc/AGIKgqFischers8R8t_SjJjZPYzCQqKOh-9z6JZGzc7OQ=s800-c-k-c0x00ffffff-no-rj', 9040000, 5100, '2012-08-24 00:00:00+00', 'エンタメ', '["アスレチック", "グループ", "ゲーム", "チャレンジ"]'),

  ('c9999999-9999-9999-9999-999999999999', 'UCQ_MqAw18jFTlBB-f8BP7dw', 'QuizKnock', '東大発の知識集団による教育エンタメチャンネル。クイズやゲーム、実験を通して楽しく学べる。伊沢拓司をはじめとする個性豊かなメンバーが人気。', 'https://yt3.googleusercontent.com/ytc/AGIKgqQuizKnock8R8t_SjJjZPYzCQqKOh-9z6JZGzc7OQ=s800-c-k-c0x00ffffff-no-rj', 2630000, 1800, '2016-10-01 00:00:00+00', '教育', '["クイズ", "教育", "知識", "エンタメ"]'),

  ('ca111111-1111-1111-1111-111111111111', 'UC8_wmm5DX9mb4jrLiw8ZYzw', 'スカイピース', '2人組の若手人気YouTuber。テオとイニの明るいキャラクターと、歌やダンス、バラエティ企画など多彩なコンテンツで人気。若い世代から絶大な支持。', 'https://yt3.googleusercontent.com/ytc/AGIKgqSkyPeace8R8t_SjJjZPYzCQqKOh-9z6JZGzc7OQ=s800-c-k-c0x00ffffff-no-rj', 4360000, 2600, '2016-03-18 00:00:00+00', 'エンタメ', '["バラエティ", "音楽", "コンビ", "若者向け"]'),

  ('ca222222-2222-2222-2222-222222222222', 'UCbCJmNKAL85O1VFeD6Wj60g', 'Bayashi TV', 'グローバルに人気の料理系YouTuber。独創的なレシピやスイーツ作り、キャラ弁など、見た目も楽しい料理動画を配信。世界中のファンから愛される。', 'https://yt3.googleusercontent.com/ytc/AGIKgqBayashi8R8t_SjJjZPYzCQqKOh-9z6JZGzc7OQ=s800-c-k-c0x00ffffff-no-rj', 34800000, 800, '2010-09-16 00:00:00+00', '料理', '["料理", "スイーツ", "レシピ", "キャラ弁"]'),

  ('ca333333-3333-3333-3333-333333333333', 'UCaak9sggUeIBPOd8iK_BXcQ', 'きまぐれクック', '料理系YouTuber。魚のさばき方や料理を披露。圧倒的な包丁さばきと、かねこさんの人柄が人気。魚好き・料理好き必見のチャンネル。', 'https://yt3.googleusercontent.com/ytc/AGIKgqKimagure8R8t_SjJjZPYzCQqKOh-9z6JZGzc7OQ=s800-c-k-c0x00ffffff-no-rj', 14800000, 2100, '2016-09-03 00:00:00+00', '料理', '["料理", "魚", "グルメ", "さばき方"]'),

  -- VLOG・ライフスタイル系チャンネル
  ('cb111111-1111-1111-1111-111111111111', 'UCPlreGCqby4Qg9Vubo5glnQ', 'バイリンガール英会話', '英語学習とライフスタイルを組み合わせたVlogチャンネル。海外生活の様子や英会話レッスン、旅行記など、見ていて楽しく学べるコンテンツが魅力。', 'https://yt3.googleusercontent.com/ytc/AGIKgqBilingirl8R8t_SjJjZPYzCQqKOh-9z6JZGzc7OQ=s800-c-k-c0x00ffffff-no-rj', 1580000, 1100, '2011-05-24 00:00:00+00', 'Vlog', '["英語学習", "ライフスタイル", "海外生活", "旅行"]'),

  ('cb222222-2222-2222-2222-222222222222', 'UCOg7cnPp4z1QesL8cvVDi4g', 'ひかりんちょ', '日常生活や購入品紹介、ルーティン動画など、親しみやすいVlogを配信。自然体でリアルな日常を見せるスタイルが人気。若い女性から絶大な支持を集める。', 'https://yt3.googleusercontent.com/ytc/AGIKgqHikarincho8R8t_SjJjZPYzCQqKOh-9z6JZGzc7OQ=s800-c-k-c0x00ffffff-no-rj', 1320000, 980, '2014-03-10 00:00:00+00', 'Vlog', '["ライフスタイル", "購入品紹介", "ルーティン", "女性向け"]'),

  ('cb333333-3333-3333-3333-333333333333', 'UCx1nAvtVDIsaGmCMSe8ofsQ', 'くまみき', 'ファッションやメイク、日常のVlogを配信するライフスタイル系チャンネル。おしゃれで洗練された映像と、親しみやすいキャラクターが魅力。', 'https://yt3.googleusercontent.com/ytc/AGIKgqKumamiki8R8t_SjJjZPYzCQqKOh-9z6JZGzc7OQ=s800-c-k-c0x00ffffff-no-rj', 890000, 720, '2015-08-15 00:00:00+00', 'Vlog', '["ファッション", "メイク", "ライフスタイル", "女性向け"]'),

  ('cb444444-4444-4444-4444-444444444444', 'UCYj_DsupaździKw5g', 'AKIOの東京チャンネル', '東京での日常生活や街歩き、グルメ探訪などを配信するVlogチャンネル。東京の魅力を伝える映像美と、落ち着いたナレーションが特徴。', 'https://yt3.googleusercontent.com/ytc/AGIKgqAKIO8R8t_SjJjZPYzCQqKOh-9z6JZGzc7OQ=s800-c-k-c0x00ffffff-no-rj', 650000, 450, '2017-02-20 00:00:00+00', 'Vlog', '["東京", "街歩き", "グルメ", "ライフスタイル"]'),

  ('cb555555-5555-5555-5555-555555555555', 'UCwwA_bJ0d6jz5gbQ83dY9hA', 'かおるTV', '日常生活、料理、旅行など、幅広いテーマでVlogを配信。温かい雰囲気と丁寧な暮らしぶりが人気。視聴者に癒しを与えるチャンネル。', 'https://yt3.googleusercontent.com/ytc/AGIKgqKaoruTV8R8t_SjJjZPYzCQqKOh-9z6JZGzc7OQ=s800-c-k-c0x00ffffff-no-rj', 780000, 620, '2016-11-08 00:00:00+00', 'Vlog', '["ライフスタイル", "料理", "旅行", "癒し"]');

-- ============================================
-- 3. 代表作動画
-- ============================================

INSERT INTO top_videos (channel_id, youtube_video_id, title, thumbnail_url, view_count, rank) VALUES
  -- HikakinTV
  ('c1111111-1111-1111-1111-111111111111', 'dQw4w9WgXcQ', '【検証】100万円分のガチャを回したら何が出る？', 'https://i.ytimg.com/vi/dQw4w9WgXcQ/hqdefault.jpg', 28000000, 1),
  ('c1111111-1111-1111-1111-111111111111', 'dQw4w9WgXcR', '【ドッキリ】突然家に1000万円が届いた', 'https://i.ytimg.com/vi/dQw4w9WgXcR/hqdefault.jpg', 25000000, 2),
  ('c1111111-1111-1111-1111-111111111111', 'dQw4w9WgXcS', 'ヒカキンのルーティン【完全版】', 'https://i.ytimg.com/vi/dQw4w9WgXcS/hqdefault.jpg', 22000000, 3),

  -- 東海オンエア
  ('c2222222-2222-2222-2222-222222222222', 'dQw4w9WgXcT', '【6人】24時間リレーマラソンやってみた', 'https://i.ytimg.com/vi/dQw4w9WgXcT/hqdefault.jpg', 32000000, 1),
  ('c2222222-2222-2222-2222-222222222222', 'dQw4w9WgXcU', '密着！東海オンエアの1日', 'https://i.ytimg.com/vi/dQw4w9WgXcU/hqdefault.jpg', 28000000, 2),
  ('c2222222-2222-2222-2222-222222222222', 'dQw4w9WgXcV', '【検証】本当に友達？ドッキリ', 'https://i.ytimg.com/vi/dQw4w9WgXcV/hqdefault.jpg', 25000000, 3),

  -- はじめしゃちょー
  ('c3333333-3333-3333-3333-333333333333', 'dQw4w9WgXcW', '【実験】巨大スライム作ってみた', 'https://i.ytimg.com/vi/dQw4w9WgXcW/hqdefault.jpg', 45000000, 1),
  ('c3333333-3333-3333-3333-333333333333', 'dQw4w9WgXcX', '【ドッキリ】帰ったら家が○○だった', 'https://i.ytimg.com/vi/dQw4w9WgXcX/hqdefault.jpg', 38000000, 2),
  ('c3333333-3333-3333-3333-333333333333', 'dQw4w9WgXcY', '青春を取り戻す動画', 'https://i.ytimg.com/vi/dQw4w9WgXcY/hqdefault.jpg', 35000000, 3),

  -- 中田敦彦のYouTube大学
  ('c6666666-6666-6666-6666-666666666666', 'dQw4w9WgXcZ', '【歴史】日本史が面白くなる授業', 'https://i.ytimg.com/vi/dQw4w9WgXcZ/hqdefault.jpg', 18000000, 1),
  ('c6666666-6666-6666-6666-666666666666', 'dQw4w9WgXd0', '【経済】誰でも分かるお金の話', 'https://i.ytimg.com/vi/dQw4w9WgXd0/hqdefault.jpg', 16000000, 2),
  ('c6666666-6666-6666-6666-666666666666', 'dQw4w9WgXd1', '【文学】世界の名著を解説', 'https://i.ytimg.com/vi/dQw4w9WgXd1/hqdefault.jpg', 14000000, 3),

  -- コムドット
  ('c4444444-4444-4444-4444-444444444444', 'dQw4w9WgXd2', '【青春】5人で夢を語る動画', 'https://i.ytimg.com/vi/dQw4w9WgXd2/hqdefault.jpg', 22000000, 1),
  ('c4444444-4444-4444-4444-444444444444', 'dQw4w9WgXd3', '【チャレンジ】24時間○○してみた', 'https://i.ytimg.com/vi/dQw4w9WgXd3/hqdefault.jpg', 19000000, 2),
  ('c4444444-4444-4444-4444-444444444444', 'dQw4w9WgXd4', '【ドッキリ】メンバーに仕掛けてみた', 'https://i.ytimg.com/vi/dQw4w9WgXd4/hqdefault.jpg', 17000000, 3),

  -- ヒカル
  ('c5555555-5555-5555-5555-555555555555', 'dQw4w9WgXd5', '【検証】1000万円使って○○してみた', 'https://i.ytimg.com/vi/dQw4w9WgXd5/hqdefault.jpg', 26000000, 1),
  ('c5555555-5555-5555-5555-555555555555', 'dQw4w9WgXd6', '【社会実験】衝撃の結果に', 'https://i.ytimg.com/vi/dQw4w9WgXd6/hqdefault.jpg', 23000000, 2),
  ('c5555555-5555-5555-5555-555555555555', 'dQw4w9WgXd7', '【ビジネス】YouTuberの裏側', 'https://i.ytimg.com/vi/dQw4w9WgXd7/hqdefault.jpg', 20000000, 3),

  -- 水溜りボンド
  ('c7777777-7777-7777-7777-777777777777', 'dQw4w9WgXd8', '【検証】都市伝説は本当か？', 'https://i.ytimg.com/vi/dQw4w9WgXd8/hqdefault.jpg', 21000000, 1),
  ('c7777777-7777-7777-7777-777777777777', 'dQw4w9WgXd9', '【実験】科学の力で○○してみた', 'https://i.ytimg.com/vi/dQw4w9WgXd9/hqdefault.jpg', 18000000, 2),
  ('c7777777-7777-7777-7777-777777777777', 'dQw4w9WgXe0', '【バラエティ】2人の掛け合いが最高', 'https://i.ytimg.com/vi/dQw4w9WgXe0/hqdefault.jpg', 16000000, 3),

  -- Fischer's-フィッシャーズ-
  ('c8888888-8888-8888-8888-888888888888', 'dQw4w9WgXe1', '【アスレチック】究極の挑戦', 'https://i.ytimg.com/vi/dQw4w9WgXe1/hqdefault.jpg', 35000000, 1),
  ('c8888888-8888-8888-8888-888888888888', 'dQw4w9WgXe2', '【体力測定】メンバーの身体能力', 'https://i.ytimg.com/vi/dQw4w9WgXe2/hqdefault.jpg', 30000000, 2),
  ('c8888888-8888-8888-8888-888888888888', 'dQw4w9WgXe3', '【ゲーム】7人でワイワイ実況', 'https://i.ytimg.com/vi/dQw4w9WgXe3/hqdefault.jpg', 28000000, 3),

  -- QuizKnock
  ('c9999999-9999-9999-9999-999999999999', 'dQw4w9WgXe4', '【クイズ】東大生が本気で挑戦', 'https://i.ytimg.com/vi/dQw4w9WgXe4/hqdefault.jpg', 24000000, 1),
  ('c9999999-9999-9999-9999-999999999999', 'dQw4w9WgXe5', '【実験】科学の面白さを伝える', 'https://i.ytimg.com/vi/dQw4w9WgXe5/hqdefault.jpg', 20000000, 2),
  ('c9999999-9999-9999-9999-999999999999', 'dQw4w9WgXe6', '【教育】楽しく学べる雑学', 'https://i.ytimg.com/vi/dQw4w9WgXe6/hqdefault.jpg', 18000000, 3),

  -- スカイピース
  ('ca111111-1111-1111-1111-111111111111', 'dQw4w9WgXe7', '【歌ってみた】オリジナル曲披露', 'https://i.ytimg.com/vi/dQw4w9WgXe7/hqdefault.jpg', 25000000, 1),
  ('ca111111-1111-1111-1111-111111111111', 'dQw4w9WgXe8', '【ドッキリ】テオとイニの絆', 'https://i.ytimg.com/vi/dQw4w9WgXe8/hqdefault.jpg', 22000000, 2),
  ('ca111111-1111-1111-1111-111111111111', 'dQw4w9WgXe9', '【バラエティ】2人の日常', 'https://i.ytimg.com/vi/dQw4w9WgXe9/hqdefault.jpg', 19000000, 3),

  -- Bayashi TV
  ('ca222222-2222-2222-2222-222222222222', 'dQw4w9WgXf0', '【料理】驚きのレシピ', 'https://i.ytimg.com/vi/dQw4w9WgXf0/hqdefault.jpg', 50000000, 1),
  ('ca222222-2222-2222-2222-222222222222', 'dQw4w9WgXf1', '【スイーツ】可愛すぎるケーキ', 'https://i.ytimg.com/vi/dQw4w9WgXf1/hqdefault.jpg', 45000000, 2),
  ('ca222222-2222-2222-2222-222222222222', 'dQw4w9WgXf2', '【キャラ弁】子供が喜ぶお弁当', 'https://i.ytimg.com/vi/dQw4w9WgXf2/hqdefault.jpg', 40000000, 3),

  -- きまぐれクック
  ('ca333333-3333-3333-3333-333333333333', 'dQw4w9WgXf3', '【魚】プロ級の包丁さばき', 'https://i.ytimg.com/vi/dQw4w9WgXf3/hqdefault.jpg', 38000000, 1),
  ('ca333333-3333-3333-3333-333333333333', 'dQw4w9WgXf4', '【料理】高級魚を調理してみた', 'https://i.ytimg.com/vi/dQw4w9WgXf4/hqdefault.jpg', 35000000, 2),
  ('ca333333-3333-3333-3333-333333333333', 'dQw4w9WgXf5', '【グルメ】絶品魚料理の作り方', 'https://i.ytimg.com/vi/dQw4w9WgXf5/hqdefault.jpg', 32000000, 3),

  -- バイリンガール英会話
  ('cb111111-1111-1111-1111-111111111111', 'dQw4w9WgXf6', '【英語】日常会話が楽しく学べる', 'https://i.ytimg.com/vi/dQw4w9WgXf6/hqdefault.jpg', 15000000, 1),
  ('cb111111-1111-1111-1111-111111111111', 'dQw4w9WgXf7', '【旅行】海外生活の魅力', 'https://i.ytimg.com/vi/dQw4w9WgXf7/hqdefault.jpg', 12000000, 2),
  ('cb111111-1111-1111-1111-111111111111', 'dQw4w9WgXf8', '【Vlog】リアルな日常を公開', 'https://i.ytimg.com/vi/dQw4w9WgXf8/hqdefault.jpg', 10000000, 3),

  -- ひかりんちょ
  ('cb222222-2222-2222-2222-222222222222', 'dQw4w9WgXf9', '【購入品】お気に入りアイテム紹介', 'https://i.ytimg.com/vi/dQw4w9WgXf9/hqdefault.jpg', 18000000, 1),
  ('cb222222-2222-2222-2222-222222222222', 'dQw4w9WgXg0', '【ルーティン】1日の過ごし方', 'https://i.ytimg.com/vi/dQw4w9WgXg0/hqdefault.jpg', 16000000, 2),
  ('cb222222-2222-2222-2222-222222222222', 'dQw4w9WgXg1', '【Vlog】休日の過ごし方', 'https://i.ytimg.com/vi/dQw4w9WgXg1/hqdefault.jpg', 14000000, 3),

  -- くまみき
  ('cb333333-3333-3333-3333-333333333333', 'dQw4w9WgXg2', '【ファッション】春夏コーデ紹介', 'https://i.ytimg.com/vi/dQw4w9WgXg2/hqdefault.jpg', 12000000, 1),
  ('cb333333-3333-3333-3333-333333333333', 'dQw4w9WgXg3', '【メイク】毎日メイクのコツ', 'https://i.ytimg.com/vi/dQw4w9WgXg3/hqdefault.jpg', 11000000, 2),
  ('cb333333-3333-3333-3333-333333333333', 'dQw4w9WgXg4', '【Vlog】おしゃれな日常', 'https://i.ytimg.com/vi/dQw4w9WgXg4/hqdefault.jpg', 9500000, 3),

  -- AKIOの東京チャンネル
  ('cb444444-4444-4444-4444-444444444444', 'dQw4w9WgXg5', '【東京】隠れた名店巡り', 'https://i.ytimg.com/vi/dQw4w9WgXg5/hqdefault.jpg', 8500000, 1),
  ('cb444444-4444-4444-4444-444444444444', 'dQw4w9WgXg6', '【街歩き】東京の魅力を再発見', 'https://i.ytimg.com/vi/dQw4w9WgXg6/hqdefault.jpg', 7800000, 2),
  ('cb444444-4444-4444-4444-444444444444', 'dQw4w9WgXg7', '【グルメ】絶品ランチスポット', 'https://i.ytimg.com/vi/dQw4w9WgXg7/hqdefault.jpg', 7200000, 3),

  -- かおるTV
  ('cb555555-5555-5555-5555-555555555555', 'dQw4w9WgXg8', '【ライフスタイル】丁寧な暮らし', 'https://i.ytimg.com/vi/dQw4w9WgXg8/hqdefault.jpg', 10000000, 1),
  ('cb555555-5555-5555-5555-555555555555', 'dQw4w9WgXg9', '【料理】簡単で美味しいレシピ', 'https://i.ytimg.com/vi/dQw4w9WgXg9/hqdefault.jpg', 9200000, 2),
  ('cb555555-5555-5555-5555-555555555555', 'dQw4w9WgXh0', '【旅行】癒しの旅Vlog', 'https://i.ytimg.com/vi/dQw4w9WgXh0/hqdefault.jpg', 8500000, 3);

-- ============================================
-- 4. レビューデータ
-- ============================================

INSERT INTO reviews (user_id, channel_id, rating, title, content, helpful_count, created_at) VALUES
  -- HikakinTV へのレビュー
  ('11111111-1111-1111-1111-111111111111', 'c1111111-1111-1111-1111-111111111111', 5, 'やっぱりHikakinは安定感抜群', '家族みんなで安心して見られるコンテンツ。商品レビューも参考になるし、何より人柄が良いのが伝わってくる。子供も大好きで毎回楽しみにしています。', 127, NOW() - INTERVAL '10 days'),
  ('22222222-2222-2222-2222-222222222222', 'c1111111-1111-1111-1111-111111111111', 4, '安心して見られる王道YouTuber', 'クリーンな内容で子供にも見せられるのが良い。ただ最近はちょっとマンネリ化してる気もする。でも人気の理由はよく分かる。', 84, NOW() - INTERVAL '15 days'),
  ('55555555-5555-5555-5555-555555555555', 'c1111111-1111-1111-1111-111111111111', 5, 'YouTubeといえばHikakin！', 'チャレンジ企画も面白いし、何より毎日投稿してくれるのがすごい。ヒカキンを見てYouTuberになりたいと思った人も多いはず。', 156, NOW() - INTERVAL '5 days'),

  -- 東海オンエア へのレビュー
  ('11111111-1111-1111-1111-111111111111', 'c2222222-2222-2222-2222-222222222222', 5, '6人の掛け合いが最高に面白い', 'グループYouTuberの中では断トツ。6人それぞれのキャラが立っていて、掛け合いが本当に面白い。編集も凝っていて見応えあり。', 203, NOW() - INTERVAL '8 days'),
  ('33333333-3333-3333-3333-333333333333', 'c2222222-2222-2222-2222-222222222222', 5, 'バラエティ番組よりも面白い', '企画力が素晴らしい。友達同士で見ても盛り上がるし、何度見ても笑える。テレビのバラエティより断然面白い。', 178, NOW() - INTERVAL '12 days'),
  ('55555555-5555-5555-5555-555555555555', 'c2222222-2222-2222-2222-222222222222', 4, '6人の関係性が良い', '仲の良さが伝わってくる。企画も毎回新鮮で楽しい。ただたまに内輪ネタが多すぎる回もあるかな。', 92, NOW() - INTERVAL '3 days'),

  -- はじめしゃちょー へのレビュー
  ('11111111-1111-1111-1111-111111111111', 'c3333333-3333-3333-3333-333333333333', 4, 'スケールの大きさが魅力', '実験動画のスケールがすごい。他のYouTuberには真似できない企画が多い。ただ最近は少し落ち着いた感じもする。', 165, NOW() - INTERVAL '20 days'),
  ('33333333-3333-3333-3333-333333333333', 'c3333333-3333-3333-3333-333333333333', 5, '登録者数日本一も納得', '企画力、編集力、トーク力すべてが高レベル。特に大規模な実験動画は圧巻。これからも応援してます！', 241, NOW() - INTERVAL '7 days'),
  ('55555555-5555-5555-5555-555555555555', 'c3333333-3333-3333-3333-333333333333', 5, '実験動画の規模がすごい', '毎回スケールの大きい企画で驚かされる。編集も丁寧で見やすい。はじめしゃちょーの人柄も好き。', 189, NOW() - INTERVAL '13 days'),

  -- 中田敦彦のYouTube大学 へのレビュー
  ('22222222-2222-2222-2222-222222222222', 'c6666666-6666-6666-6666-666666666666', 5, 'プレゼン力が素晴らしい', '歴史や経済の難しい話も、中田さんの解説なら分かりやすい。プレゼン力が本当に高くて、どんなテーマでも引き込まれる。', 412, NOW() - INTERVAL '2 days'),
  ('44444444-4444-4444-4444-444444444444', 'c6666666-6666-6666-6666-666666666666', 4, '幅広いテーマを扱っていて勉強になる', '教養が身につく良いチャンネル。ただたまに情報が偏っていることもあるので、自分でも調べることが大切。', 186, NOW() - INTERVAL '13 days'),
  ('11111111-1111-1111-1111-111111111111', 'c6666666-6666-6666-6666-666666666666', 5, '学びながら楽しめる', '中田さんの話し方が上手で、難しい内容もすんなり理解できる。歴史の授業が特に面白い。', 298, NOW() - INTERVAL '18 days'),

  -- コムドット へのレビュー
  ('11111111-1111-1111-1111-111111111111', 'c4444444-4444-4444-4444-444444444444', 5, '青春を感じる最高のグループ', '5人の友情が本物で見ていて感動する。企画も面白いし、何よりメンバーの絆が素晴らしい。Z世代の代表格！', 234, NOW() - INTERVAL '4 days'),
  ('55555555-5555-5555-5555-555555555555', 'c4444444-4444-4444-4444-444444444444', 5, '若者の心を掴むチャンネル', 'メンバー全員のキャラが立っていて面白い。青春を感じさせる企画が多くて、見ていて元気をもらえる。', 198, NOW() - INTERVAL '9 days'),
  ('33333333-3333-3333-3333-333333333333', 'c4444444-4444-4444-4444-444444444444', 4, '勢いのあるグループ', '5人の掛け合いが楽しい。企画のセンスも良い。これからの成長がさらに楽しみ。', 167, NOW() - INTERVAL '15 days'),

  -- ヒカル へのレビュー
  ('11111111-1111-1111-1111-111111111111', 'c5555555-5555-5555-5555-555555555555', 5, 'スケールが桁違い', '企画の規模が圧倒的。1000万円企画とか普通にやってしまうのがすごい。ビジネス的な視点も勉強になる。', 312, NOW() - INTERVAL '6 days'),
  ('22222222-2222-2222-2222-222222222222', 'c5555555-5555-5555-5555-555555555555', 4, 'カリスマ性がある', '独特の視点と行動力が魅力。社会実験系の動画が特に面白い。ただ好き嫌いは分かれるかも。', 156, NOW() - INTERVAL '11 days'),

  -- 水溜りボンド へのレビュー
  ('33333333-3333-3333-3333-333333333333', 'c7777777-7777-7777-7777-777777777777', 5, 'コンビの相性が抜群', 'カンタとトミーの掛け合いが最高。都市伝説検証とか実験動画が面白い。2人の仲の良さが伝わってくる。', 223, NOW() - INTERVAL '5 days'),
  ('55555555-5555-5555-5555-555555555555', 'c7777777-7777-7777-7777-777777777777', 5, '多彩なコンテンツが魅力', 'バラエティから実験まで幅広くやってる。どの動画も面白くて飽きない。2人の個性がしっかり出てる。', 189, NOW() - INTERVAL '10 days'),
  ('11111111-1111-1111-1111-111111111111', 'c7777777-7777-7777-7777-777777777777', 4, '息の合ったコンビ', '2人の関係性が良い。企画も面白いし、編集も凝っている。長く続けてほしいチャンネル。', 145, NOW() - INTERVAL '17 days'),

  -- Fischer's-フィッシャーズ- へのレビュー
  ('33333333-3333-3333-3333-333333333333', 'c8888888-8888-8888-8888-888888888888', 5, 'アスレチック動画が最高', 'アスレチック企画が本当に面白い。体を張った企画が多くて見ていてハラハラする。シルクロードの身体能力がすごい！', 267, NOW() - INTERVAL '3 days'),
  ('55555555-5555-5555-5555-555555555555', 'c8888888-8888-8888-8888-888888888888', 5, '7人全員が魅力的', 'メンバー全員のキャラが立っていて面白い。特にアスレチック系の動画は見応えがある。チームワークも素晴らしい。', 234, NOW() - INTERVAL '8 days'),
  ('11111111-1111-1111-1111-111111111111', 'c8888888-8888-8888-8888-888888888888', 4, '体を張った企画が多い', 'アスレチックやチャレンジ企画が多くて楽しい。ゲーム実況も面白い。長年活動してる安定感がある。', 178, NOW() - INTERVAL '14 days'),

  -- QuizKnock へのレビュー
  ('22222222-2222-2222-2222-222222222222', 'c9999999-9999-9999-9999-999999999999', 5, '楽しく学べる最高のチャンネル', 'クイズを通して知識が身につく。東大生たちの頭の良さに驚かされるし、何より楽しそうに問題を解く姿が好き。教育系チャンネルの中では一番面白い。', 398, NOW() - INTERVAL '2 days'),
  ('44444444-4444-4444-4444-444444444444', 'c9999999-9999-9999-9999-999999999999', 5, '知識欲が満たされる', 'エンタメと教育の融合が完璧。難しい内容も分かりやすく説明してくれるし、見ていて勉強になる。伊沢さんをはじめメンバーみんな魅力的。', 345, NOW() - INTERVAL '7 days'),
  ('11111111-1111-1111-1111-111111111111', 'c9999999-9999-9999-9999-999999999999', 4, '東大生の知識量に脱帽', 'クイズ好きにはたまらないチャンネル。ただもう少し一般向けの簡単な問題も増やしてほしい。', 201, NOW() - INTERVAL '12 days'),

  -- スカイピース へのレビュー
  ('55555555-5555-5555-5555-555555555555', 'ca111111-1111-1111-1111-111111111111', 5, 'テオとイニの明るさが最高', '2人の明るいキャラクターが大好き。歌も上手いし、バラエティ企画も面白い。若い世代には特に人気があるのも納得。', 289, NOW() - INTERVAL '5 days'),
  ('11111111-1111-1111-1111-111111111111', 'ca111111-1111-1111-1111-111111111111', 4, '多才なコンビ', '歌やダンス、バラエティまで幅広く活動している。2人の仲の良さが伝わってくる。元気をもらえるチャンネル。', 167, NOW() - INTERVAL '11 days'),
  ('33333333-3333-3333-3333-333333333333', 'ca111111-1111-1111-1111-111111111111', 4, '若者向けエンタメ', '明るくて見ていて楽しい。音楽系のコンテンツが特に良い。これからも応援したい。', 134, NOW() - INTERVAL '16 days'),

  -- Bayashi TV へのレビュー
  ('66666666-6666-6666-6666-666666666666', 'ca222222-2222-2222-2222-222222222222', 5, '世界レベルの料理動画', '見た目も美しい料理動画。レシピも独創的で参考になる。世界中で人気なのも納得のクオリティ。', 456, NOW() - INTERVAL '1 day'),
  ('55555555-5555-5555-5555-555555555555', 'ca222222-2222-2222-2222-222222222222', 5, 'スイーツ作りが最高', 'キャラ弁やスイーツが可愛すぎる。見ているだけで癒される。料理の勉強にもなるし、作りたくなる。', 398, NOW() - INTERVAL '6 days'),
  ('22222222-2222-2222-2222-222222222222', 'ca222222-2222-2222-2222-222222222222', 4, '料理のアイデアが豊富', '独創的なレシピが多い。見た目も楽しめるし、実用的。海外でも人気なのが分かる。', 287, NOW() - INTERVAL '9 days'),

  -- きまぐれクック へのレビュー
  ('66666666-6666-6666-6666-666666666666', 'ca333333-3333-3333-3333-333333333333', 5, '包丁さばきが圧巻', '魚のさばき方が参考になる。見ていて気持ちいいくらい綺麗に捌く。料理好きには絶対おすすめのチャンネル。', 512, NOW() - INTERVAL '2 days'),
  ('55555555-5555-5555-5555-555555555555', 'ca333333-3333-3333-3333-333333333333', 5, '見ているだけでお腹が空く', '魚料理が美味しそう。かねこさんの包丁技術が本当にすごい。料理の勉強にもなるし、見ていて癒される。', 467, NOW() - INTERVAL '5 days'),
  ('22222222-2222-2222-2222-222222222222', 'ca333333-3333-3333-3333-333333333333', 5, '魚料理のプロ', 'プロ級の技術。魚の知識も豊富で勉強になる。かねこさんの人柄も良くて、毎回楽しみにしている。', 389, NOW() - INTERVAL '8 days'),

  -- バイリンガール英会話 へのレビュー
  ('22222222-2222-2222-2222-222222222222', 'cb111111-1111-1111-1111-111111111111', 5, '英語学習とVlogの融合', '英語の勉強になるだけでなく、海外生活の様子も見られて一石二鳥。楽しみながら学べる最高のチャンネル。', 298, NOW() - INTERVAL '4 days'),
  ('11111111-1111-1111-1111-111111111111', 'cb111111-1111-1111-1111-111111111111', 4, '海外生活が魅力的', 'ライフスタイルVlogとして見ても面白い。英語学習のモチベーションが上がる。', 234, NOW() - INTERVAL '10 days'),

  -- ひかりんちょ へのレビュー
  ('55555555-5555-5555-5555-555555555555', 'cb222222-2222-2222-2222-222222222222', 5, '親しみやすいVlogが最高', '自然体で飾らない日常が見られるのが良い。購入品紹介も参考になる。毎回楽しみにしています。', 356, NOW() - INTERVAL '3 days'),
  ('66666666-6666-6666-6666-666666666666', 'cb222222-2222-2222-2222-222222222222', 5, 'リアルな日常が魅力', 'ルーティン動画が好き。同世代として共感できることが多い。見ていて癒される。', 289, NOW() - INTERVAL '7 days'),

  -- くまみき へのレビュー
  ('55555555-5555-5555-5555-555555555555', 'cb333333-3333-3333-3333-333333333333', 4, 'おしゃれなライフスタイル', 'ファッションやメイクの参考になる。映像も綺麗で見ていて楽しい。', 198, NOW() - INTERVAL '6 days'),
  ('66666666-6666-6666-6666-666666666666', 'cb333333-3333-3333-3333-333333333333', 5, 'センスが良い', 'コーデ紹介が参考になる。おしゃれに興味がある人には絶対おすすめ。', 167, NOW() - INTERVAL '12 days'),

  -- AKIOの東京チャンネル へのレビュー
  ('11111111-1111-1111-1111-111111111111', 'cb444444-4444-4444-4444-444444444444', 5, '東京の魅力が再発見できる', '知らなかった東京のスポットを紹介してくれる。映像が綺麗で見入ってしまう。', 245, NOW() - INTERVAL '5 days'),
  ('66666666-6666-6666-6666-666666666666', 'cb444444-4444-4444-4444-444444444444', 4, '落ち着いた雰囲気が良い', 'グルメ探訪が参考になる。ナレーションも聞きやすくて癒される。', 178, NOW() - INTERVAL '11 days'),

  -- かおるTV へのレビュー
  ('55555555-5555-5555-5555-555555555555', 'cb555555-5555-5555-5555-555555555555', 5, '丁寧な暮らしに憧れる', '温かい雰囲気のVlogに癒される。料理も美味しそうで参考になる。', 312, NOW() - INTERVAL '4 days'),
  ('66666666-6666-6666-6666-666666666666', 'cb555555-5555-5555-5555-555555555555', 5, '癒しのチャンネル', '見ているだけで心が落ち着く。ライフスタイルの参考にしています。', 267, NOW() - INTERVAL '9 days'),
  ('22222222-2222-2222-2222-222222222222', 'cb555555-5555-5555-5555-555555555555', 4, '日常Vlogの良さ', 'リアルな暮らしぶりが見られて参考になる。旅行Vlogも楽しい。', 189, NOW() - INTERVAL '14 days');

-- ============================================
-- 5. レビュー「参考になった」
-- ============================================

INSERT INTO review_helpful (review_id, user_id)
SELECT r.id, u.id
FROM reviews r
CROSS JOIN users u
WHERE r.user_id != u.id
  AND random() < 0.6; -- 60%の確率で「参考になった」を付ける

-- helpful_countを更新
UPDATE reviews r
SET helpful_count = (
  SELECT COUNT(*)
  FROM review_helpful rh
  WHERE rh.review_id = r.id
);

-- ============================================
-- 6. マイリスト（user_channels）
-- ============================================

INSERT INTO user_channels (user_id, channel_id, status, started_at, finished_at, private_memo) VALUES
  -- 山田太郎のマイリスト
  ('11111111-1111-1111-1111-111111111111', 'c1111111-1111-1111-1111-111111111111', 'watched', NOW() - INTERVAL '180 days', NOW() - INTERVAL '30 days', 'やっぱり面白い。定期的に見返したい。'),
  ('11111111-1111-1111-1111-111111111111', 'c2222222-2222-2222-2222-222222222222', 'watching', NOW() - INTERVAL '60 days', NULL, '毎週楽しみにしている'),
  ('11111111-1111-1111-1111-111111111111', 'c4444444-4444-4444-4444-444444444444', 'watching', NOW() - INTERVAL '45 days', NULL, 'コムドット最高'),
  ('11111111-1111-1111-1111-111111111111', 'c5555555-5555-5555-5555-555555555555', 'want', NULL, NULL, 'ヒカルの企画が気になる'),
  ('11111111-1111-1111-1111-111111111111', 'c7777777-7777-7777-7777-777777777777', 'watching', NOW() - INTERVAL '90 days', NULL, '水溜りボンド面白い'),

  -- 佐藤花子のマイリスト
  ('22222222-2222-2222-2222-222222222222', 'c6666666-6666-6666-6666-666666666666', 'watching', NOW() - INTERVAL '120 days', NULL, 'ビジネスの勉強に'),
  ('22222222-2222-2222-2222-222222222222', 'c9999999-9999-9999-9999-999999999999', 'watching', NOW() - INTERVAL '150 days', NULL, 'クイズで教養を'),
  ('22222222-2222-2222-2222-222222222222', 'c5555555-5555-5555-5555-555555555555', 'watching', NOW() - INTERVAL '80 days', NULL, 'ビジネス系コンテンツが参考になる'),
  ('22222222-2222-2222-2222-222222222222', 'ca222222-2222-2222-2222-222222222222', 'watching', NOW() - INTERVAL '60 days', NULL, '料理のアイデアが豊富'),
  ('22222222-2222-2222-2222-222222222222', 'ca333333-3333-3333-3333-333333333333', 'want', NULL, NULL, '魚料理を勉強したい'),

  -- 田中健のマイリスト
  ('33333333-3333-3333-3333-333333333333', 'c2222222-2222-2222-2222-222222222222', 'watching', NOW() - INTERVAL '100 days', NULL, '最高に面白い'),
  ('33333333-3333-3333-3333-333333333333', 'c3333333-3333-3333-3333-333333333333', 'watching', NOW() - INTERVAL '200 days', NULL, '実験動画が好き'),
  ('33333333-3333-3333-3333-333333333333', 'c4444444-4444-4444-4444-444444444444', 'watching', NOW() - INTERVAL '70 days', NULL, 'コムドットの青春感が良い'),
  ('33333333-3333-3333-3333-333333333333', 'c7777777-7777-7777-7777-777777777777', 'watching', NOW() - INTERVAL '85 days', NULL, '都市伝説検証が面白い'),
  ('33333333-3333-3333-3333-333333333333', 'c8888888-8888-8888-8888-888888888888', 'watching', NOW() - INTERVAL '120 days', NULL, 'アスレチックが最高'),
  ('33333333-3333-3333-3333-333333333333', 'ca111111-1111-1111-1111-111111111111', 'watching', NOW() - INTERVAL '50 days', NULL, 'スカイピース楽しい'),

  -- 鈴木愛のマイリスト
  ('44444444-4444-4444-4444-444444444444', 'c6666666-6666-6666-6666-666666666666', 'watching', NULL, NULL, '歴史の勉強をしたい'),
  ('44444444-4444-4444-4444-444444444444', 'c9999999-9999-9999-9999-999999999999', 'watching', NOW() - INTERVAL '90 days', NULL, 'クイズが楽しい'),

  -- 伊藤ゆきのマイリスト
  ('55555555-5555-5555-5555-555555555555', 'c1111111-1111-1111-1111-111111111111', 'watching', NOW() - INTERVAL '120 days', NULL, 'やっぱりヒカキン'),
  ('55555555-5555-5555-5555-555555555555', 'c2222222-2222-2222-2222-222222222222', 'watching', NOW() - INTERVAL '150 days', NULL, 'お笑い最高'),
  ('55555555-5555-5555-5555-555555555555', 'c3333333-3333-3333-3333-333333333333', 'watching', NOW() - INTERVAL '180 days', NULL, 'はじめしゃちょーの企画好き'),
  ('55555555-5555-5555-5555-555555555555', 'c4444444-4444-4444-4444-444444444444', 'watching', NOW() - INTERVAL '40 days', NULL, 'コムドット最高'),
  ('55555555-5555-5555-5555-555555555555', 'c7777777-7777-7777-7777-777777777777', 'watching', NOW() - INTERVAL '65 days', NULL, '水溜りボンド面白い'),
  ('55555555-5555-5555-5555-555555555555', 'c8888888-8888-8888-8888-888888888888', 'watching', NOW() - INTERVAL '90 days', NULL, '元気をもらえる'),
  ('55555555-5555-5555-5555-555555555555', 'ca111111-1111-1111-1111-111111111111', 'watching', NOW() - INTERVAL '55 days', NULL, 'スカイピース大好き'),
  ('55555555-5555-5555-5555-555555555555', 'ca222222-2222-2222-2222-222222222222', 'watching', NOW() - INTERVAL '75 days', NULL, '料理の参考に'),
  ('55555555-5555-5555-5555-555555555555', 'ca333333-3333-3333-3333-333333333333', 'want', NULL, NULL, 'きまぐれクック気になる'),

  -- 渡辺涼のマイリスト
  ('66666666-6666-6666-6666-666666666666', 'ca222222-2222-2222-2222-222222222222', 'watching', NOW() - INTERVAL '100 days', NULL, 'スイーツ作りが勉強になる'),
  ('66666666-6666-6666-6666-666666666666', 'ca333333-3333-3333-3333-333333333333', 'watching', NOW() - INTERVAL '80 days', NULL, '魚料理が勉強になる'),
  ('66666666-6666-6666-6666-666666666666', 'cb222222-2222-2222-2222-222222222222', 'watching', NOW() - INTERVAL '65 days', NULL, 'ひかりんちょの日常Vlogが好き'),
  ('66666666-6666-6666-6666-666666666666', 'cb333333-3333-3333-3333-333333333333', 'watching', NOW() - INTERVAL '50 days', NULL, 'おしゃれなライフスタイルが参考になる'),
  ('66666666-6666-6666-6666-666666666666', 'cb444444-4444-4444-4444-444444444444', 'watching', NOW() - INTERVAL '45 days', NULL, '東京の魅力が再発見できる'),
  ('66666666-6666-6666-6666-666666666666', 'cb555555-5555-5555-5555-555555555555', 'watching', NOW() - INTERVAL '70 days', NULL, '丁寧な暮らしに癒される'),

  -- 追加: 他のユーザーのVLOGチャンネルマイリスト
  ('22222222-2222-2222-2222-222222222222', 'cb111111-1111-1111-1111-111111111111', 'watching', NOW() - INTERVAL '55 days', NULL, '英語学習に役立つ'),
  ('22222222-2222-2222-2222-222222222222', 'cb555555-5555-5555-5555-555555555555', 'want', NULL, NULL, 'ライフスタイル系気になる'),
  ('11111111-1111-1111-1111-111111111111', 'cb111111-1111-1111-1111-111111111111', 'watching', NOW() - INTERVAL '40 days', NULL, '海外生活が面白い'),
  ('11111111-1111-1111-1111-111111111111', 'cb444444-4444-4444-4444-444444444444', 'watching', NOW() - INTERVAL '35 days', NULL, '東京グルメの参考に'),
  ('55555555-5555-5555-5555-555555555555', 'cb222222-2222-2222-2222-222222222222', 'watching', NOW() - INTERVAL '30 days', NULL, 'ひかりんちょ大好き'),
  ('55555555-5555-5555-5555-555555555555', 'cb333333-3333-3333-3333-333333333333', 'watching', NOW() - INTERVAL '25 days', NULL, 'ファッションの参考に'),
  ('55555555-5555-5555-5555-555555555555', 'cb555555-5555-5555-5555-555555555555', 'watching', NOW() - INTERVAL '20 days', NULL, '癒しのVlog');

-- ============================================
-- 7. テーマ別リスト
-- ============================================

INSERT INTO lists (id, user_id, title, description, is_public, slug, view_count, like_count) VALUES
  ('a1111111-1111-1111-1111-111111111111', '11111111-1111-1111-1111-111111111111', '家族で見られるYouTuberまとめ', '子供と一緒に安心して見られるチャンネルを集めました。どれもクリーンで教育的な内容です。', true, 'family-friendly-youtubers', 1234, 89),
  ('a2222222-2222-2222-2222-222222222222', '22222222-2222-2222-2222-222222222222', '大人の教養チャンネル', 'ビジネスや教養、お金の知識が学べるチャンネルをまとめました。社会人必見です。', true, 'educational-channels', 2567, 156),
  ('a3333333-3333-3333-3333-333333333333', '33333333-3333-3333-3333-333333333333', '爆笑エンタメチャンネル', 'とにかく笑いたいときに見るチャンネルリスト。仕事で疲れた日におすすめ。', true, 'entertainment-channels', 1876, 112),
  ('a4444444-4444-4444-4444-444444444444', '44444444-4444-4444-4444-444444444444', '知的好奇心を刺激するチャンネル', 'クイズや科学、ドキュメンタリーなど、知識欲を満たしてくれるチャンネルを厳選。', true, 'intellectual-channels', 3421, 203),
  ('a5555555-5555-5555-5555-555555555555', '55555555-5555-5555-5555-555555555555', '元気が出るYouTuberたち', '落ち込んだときに見たい、明るくて元気をもらえるチャンネルを集めました。', true, 'cheerful-channels', 987, 67),
  ('a6666666-6666-6666-6666-666666666666', '66666666-6666-6666-6666-666666666666', '料理系チャンネルの決定版', '料理好き必見！魚料理からスイーツまで、見ているだけで楽しい料理チャンネルを厳選。', true, 'cooking-channels', 1543, 98),
  ('a7777777-7777-7777-7777-777777777777', '55555555-5555-5555-5555-555555555555', '癒しのライフスタイルVlog', '日常の丁寧な暮らしや、おしゃれなライフスタイルが見られるVlogチャンネルを集めました。疲れた心を癒したいときにおすすめ。', true, 'lifestyle-vlog-channels', 876, 54);

-- リスト内チャンネル
INSERT INTO list_channels (list_id, channel_id, order_index, comment) VALUES
  -- 家族で見られるYouTuberまとめ
  ('a1111111-1111-1111-1111-111111111111', 'c1111111-1111-1111-1111-111111111111', 1, '定番中の定番。子供が大喜びします'),
  ('a1111111-1111-1111-1111-111111111111', 'c9999999-9999-9999-9999-999999999999', 2, 'クイズで楽しく学べる'),
  ('a1111111-1111-1111-1111-111111111111', 'c2222222-2222-2222-2222-222222222222', 3, '親子で笑えるコンテンツ'),

  -- 大人の教養チャンネル
  ('a2222222-2222-2222-2222-222222222222', 'c6666666-6666-6666-6666-666666666666', 1, '中田さんの解説が分かりやすい'),
  ('a2222222-2222-2222-2222-222222222222', 'c9999999-9999-9999-9999-999999999999', 2, 'クイズで教養を身につける'),

  -- 爆笑エンタメチャンネル
  ('a3333333-3333-3333-3333-333333333333', 'c2222222-2222-2222-2222-222222222222', 1, '6人の掛け合いが最高'),
  ('a3333333-3333-3333-3333-333333333333', 'c3333333-3333-3333-3333-333333333333', 2, 'スケールの大きい企画が面白い'),
  ('a3333333-3333-3333-3333-333333333333', 'c8888888-8888-8888-8888-888888888888', 3, '体を張った企画が笑える'),
  ('a3333333-3333-3333-3333-333333333333', 'c4444444-4444-4444-4444-444444444444', 4, 'コムドットの青春感が良い'),
  ('a3333333-3333-3333-3333-333333333333', 'c7777777-7777-7777-7777-777777777777', 5, '水溜りボンドの実験が面白い'),

  -- 知的好奇心を刺激するチャンネル
  ('a4444444-4444-4444-4444-444444444444', 'c9999999-9999-9999-9999-999999999999', 1, 'エンタメ×教育の完成形'),
  ('a4444444-4444-4444-4444-444444444444', 'c6666666-6666-6666-6666-666666666666', 2, '中田さんの授業が分かりやすい'),

  -- 元気が出るYouTuberたち
  ('a5555555-5555-5555-5555-555555555555', 'c1111111-1111-1111-1111-111111111111', 1, 'ヒカキンの明るさに元気をもらえる'),
  ('a5555555-5555-5555-5555-555555555555', 'c2222222-2222-2222-2222-222222222222', 2, '楽しそうな6人を見ると元気になる'),
  ('a5555555-5555-5555-5555-555555555555', 'c8888888-8888-8888-8888-888888888888', 3, 'フィッシャーズのテンションが好き'),
  ('a5555555-5555-5555-5555-555555555555', 'c4444444-4444-4444-4444-444444444444', 4, 'コムドットの青春に元気をもらう'),
  ('a5555555-5555-5555-5555-555555555555', 'ca111111-1111-1111-1111-111111111111', 5, 'スカイピースの明るさが最高'),

  -- 料理系チャンネルの決定版
  ('a6666666-6666-6666-6666-666666666666', 'ca333333-3333-3333-3333-333333333333', 1, '魚料理のプロ技'),
  ('a6666666-6666-6666-6666-666666666666', 'ca222222-2222-2222-2222-222222222222', 2, '世界レベルのスイーツ作り'),

  -- 癒しのライフスタイルVlog
  ('a7777777-7777-7777-7777-777777777777', 'cb555555-5555-5555-5555-555555555555', 1, '丁寧な暮らしに癒される'),
  ('a7777777-7777-7777-7777-777777777777', 'cb222222-2222-2222-2222-222222222222', 2, '親しみやすい日常Vlog'),
  ('a7777777-7777-7777-7777-777777777777', 'cb333333-3333-3333-3333-333333333333', 3, 'おしゃれなライフスタイル'),
  ('a7777777-7777-7777-7777-777777777777', 'cb444444-4444-4444-4444-444444444444', 4, '東京の魅力を再発見'),
  ('a7777777-7777-7777-7777-777777777777', 'cb111111-1111-1111-1111-111111111111', 5, '海外生活の様子も楽しい');

-- リストいいね
INSERT INTO list_likes (list_id, user_id)
SELECT l.id, u.id
FROM lists l
CROSS JOIN users u
WHERE l.user_id != u.id
  AND random() < 0.4; -- 40%の確率でいいね

-- like_countを更新
UPDATE lists l
SET like_count = (
  SELECT COUNT(*)
  FROM list_likes ll
  WHERE ll.list_id = l.id
);

-- ============================================
-- 8. Materialized View 更新
-- ============================================

REFRESH MATERIALIZED VIEW channel_stats;

-- ============================================
-- 完了メッセージ
-- ============================================

DO $$
BEGIN
  RAISE NOTICE '========================================';
  RAISE NOTICE 'シードデータの投入が完了しました';
  RAISE NOTICE '========================================';
  RAISE NOTICE 'ユーザー数: 6';
  RAISE NOTICE 'チャンネル数: 17 (エンタメ: 8, 教育: 2, 料理: 2, Vlog: 5)';
  RAISE NOTICE 'レビュー数: %', (SELECT COUNT(*) FROM reviews);
  RAISE NOTICE 'リスト数: 7';
  RAISE NOTICE '========================================';
END $$;
